{
  "topic_representations": {
    "-1": [
      [
        "question",
        0.6608779199911597
      ],
      [
        "girl",
        0.5300658840500228
      ],
      [
        "brilliant",
        0.3851112602367872
      ],
      [
        "",
        1e-05
      ],
      [
        "",
        1e-05
      ],
      [
        "",
        1e-05
      ],
      [
        "",
        1e-05
      ],
      [
        "",
        1e-05
      ],
      [
        "",
        1e-05
      ],
      [
        "",
        1e-05
      ]
    ],
    "0": [
      [
        "brilliant",
        0.21395070013154846
      ],
      [
        "great",
        0.1873776615078032
      ],
      [
        "future",
        0.15598351474179928
      ],
      [
        "questions",
        0.15598351474179928
      ],
      [
        "young",
        0.11779241867778283
      ],
      [
        "wow",
        0.11779241867778283
      ],
      [
        "faith",
        0.11779241867778283
      ],
      [
        "question",
        0.11014631999852662
      ],
      [
        "blessed",
        0.06902518471633334
      ],
      [
        "lady",
        0.06902518471633334
      ]
    ],
    "1": [
      [
        "mathematics",
        0.24983688201040427
      ],
      [
        "answer",
        0.20797801965573237
      ],
      [
        "love",
        0.15705655823704376
      ],
      [
        "question",
        0.1468617599980355
      ],
      [
        "know",
        0.09203357962177779
      ],
      [
        "knows",
        0.09203357962177779
      ],
      [
        "blessed",
        0.09203357962177779
      ],
      [
        "add",
        0.09203357962177779
      ],
      [
        "lady",
        0.09203357962177779
      ],
      [
        "young lady",
        0.09203357962177779
      ]
    ]
  },
  "topics": [
    0,
    0,
    1,
    0,
    0,
    0,
    1,
    0,
    -1,
    1,
    0,
    0,
    0,
    0,
    1,
    0,
    0,
    1,
    0,
    0,
    1,
    0,
    0,
    -1,
    0,
    0,
    1,
    0,
    0,
    0,
    1,
    1,
    0,
    0,
    1,
    0,
    1,
    1,
    1,
    1,
    1,
    1,
    1,
    -1,
    1,
    1,
    0,
    1
  ],
  "topic_sizes": {
    "0": 25,
    "1": 20,
    "-1": 3
  },
  "topic_mapper": [
    [
      -1,
      -1,
      -1
    ],
    [
      0,
      0,
      1
    ],
    [
      1,
      1,
      0
    ]
  ],
  "topic_labels": {
    "-1": "-1_question_girl_brilliant_",
    "0": "0_brilliant_great_future_questions",
    "1": "1_mathematics_answer_love_question"
  },
  "custom_labels": null,
  "_outliers": 1,
  "topic_aspects": {}
}