{
  "topic_representations": {
    "0": [
      [
        "thank",
        0.12955757057218972
      ],
      [
        "math",
        0.11297428945345293
      ],
      [
        "really",
        0.11297428945345293
      ],
      [
        "love",
        0.10796464214349144
      ],
      [
        "great",
        0.09986712895816081
      ],
      [
        "way",
        0.09986712895816081
      ],
      [
        "ll",
        0.09514758925645873
      ],
      [
        "time",
        0.07989370316652865
      ],
      [
        "physics",
        0.0757635733435818
      ],
      [
        "different",
        0.0757635733435818
      ]
    ],
    "1": [
      [
        "problem",
        0.11047122344499107
      ],
      [
        "just",
        0.10593657704245346
      ],
      [
        "years",
        0.09799117183960972
      ],
      [
        "numbers",
        0.09237676706691178
      ],
      [
        "answer",
        0.08475284351197837
      ],
      [
        "time",
        0.08165930986634143
      ],
      [
        "man",
        0.07780023872903807
      ],
      [
        "reach",
        0.07780023872903807
      ],
      [
        "think",
        0.07780023872903807
      ],
      [
        "things",
        0.07780023872903807
      ]
    ]
  },
  "topics": [
    0,
    1,
    1,
    0,
    0,
    0,
    1,
    0,
    0,
    0,
    0,
    0,
    0,
    0,
    0,
    1,
    1,
    1,
    1,
    1,
    1,
    1,
    0,
    0,
    1,
    1,
    1,
    1,
    1,
    1,
    0,
    0,
    1,
    1,
    1,
    1,
    1,
    1,
    1,
    1,
    1,
    1,
    1,
    1,
    1,
    1,
    1,
    0,
    0,
    0,
    0,
    0,
    0,
    0,
    1,
    1,
    1,
    1,
    1,
    0,
    0,
    1,
    1,
    1,
    0,
    1,
    1,
    1,
    1,
    1,
    1,
    1,
    1,
    1,
    1,
    0,
    0,
    0,
    0,
    0,
    0,
    0,
    0,
    0,
    0,
    0,
    0,
    0,
    0,
    0,
    0,
    0,
    0,
    0,
    0,
    0,
    0,
    0,
    0,
    0,
    0
  ],
  "topic_sizes": {
    "0": 52,
    "1": 49
  },
  "topic_mapper": [
    [
      0,
      0,
      1
    ],
    [
      1,
      1,
      0
    ]
  ],
  "topic_labels": {
    "0": "0_thank_math_really_love",
    "1": "1_problem_just_years_numbers"
  },
  "custom_labels": null,
  "_outliers": 0,
  "topic_aspects": {}
}