{
  "topic_representations": {
    "0": [
      [
        "great",
        0.24991396514696362
      ],
      [
        "time",
        0.2268481681832548
      ],
      [
        "people",
        0.21421197012596882
      ],
      [
        "hard",
        0.14094532104175805
      ],
      [
        "love",
        0.14094532104175805
      ],
      [
        "including",
        0.14094532104175805
      ],
      [
        "better",
        0.1037320519968479
      ],
      [
        "live",
        0.1037320519968479
      ],
      [
        "knew",
        0.1037320519968479
      ],
      [
        "kid",
        0.1037320519968479
      ]
    ],
    "1": [
      [
        "life",
        0.2901546337227678
      ],
      [
        "amazing",
        0.25998396742467905
      ],
      [
        "father",
        0.18027889900689983
      ],
      [
        "respect",
        0.18027889900689983
      ],
      [
        "easy",
        0.13268053162387522
      ],
      [
        "people",
        0.09133068493742857
      ],
      [
        "help",
        0.07531810353870652
      ],
      [
        "man",
        0.07531810353870652
      ],
      [
        "sure",
        0.07531810353870652
      ],
      [
        "strongest",
        0.07531810353870652
      ]
    ]
  },
  "topics": [
    0,
    0,
    0,
    0,
    0,
    0,
    0,
    0,
    0,
    0,
    0,
    0,
    0,
    0,
    0,
    0,
    0,
    0,
    0,
    0,
    0,
    0,
    0,
    0,
    0,
    0,
    0,
    0,
    0,
    0,
    0,
    0,
    0,
    0,
    0,
    0,
    0,
    0,
    0,
    0,
    0,
    0,
    0,
    0,
    0,
    0,
    0,
    0,
    0,
    0,
    0,
    0,
    0,
    0,
    0,
    0,
    1,
    1,
    1,
    0,
    1,
    1,
    1,
    0,
    1,
    1,
    1,
    1,
    0,
    0,
    0,
    0,
    0,
    1,
    0,
    0,
    0,
    0,
    0,
    0,
    0,
    0,
    0,
    0,
    0
  ],
  "topic_sizes": {
    "0": 74,
    "1": 11
  },
  "topic_mapper": [
    [
      0,
      0,
      1
    ],
    [
      1,
      1,
      0
    ]
  ],
  "topic_labels": {
    "0": "0_great_time_people_hard",
    "1": "1_life_amazing_father_respect"
  },
  "custom_labels": null,
  "_outliers": 0,
  "topic_aspects": {}
}