{
  "topic_representations": {
    "0": [
      [
        "thank",
        0.3045826459138201
      ],
      [
        "great",
        0.2907877024514202
      ],
      [
        "sharing",
        0.2005502332394562
      ],
      [
        "thanks",
        0.19618076583359104
      ],
      [
        "work",
        0.15144739544286365
      ],
      [
        "excellent",
        0.15144739544286365
      ],
      [
        "video",
        0.08874666606385716
      ],
      [
        "thanks sharing",
        0.08874666606385716
      ],
      [
        "great thank",
        0.08874666606385716
      ],
      [
        "",
        1e-05
      ]
    ],
    "1": [
      [
        "thanks",
        0.41197960825054114
      ],
      [
        "great",
        0.21809077683856515
      ],
      [
        "video",
        0.15530666561175002
      ],
      [
        "thanks sharing",
        0.15530666561175002
      ],
      [
        "great thank",
        0.15530666561175002
      ],
      [
        "work",
        0.1325164710125057
      ],
      [
        "excellent",
        0.1325164710125057
      ],
      [
        "sharing",
        0.11698763605634946
      ],
      [
        "thank",
        0.08883660505819754
      ],
      [
        "",
        1e-05
      ]
    ]
  },
  "topics": [
    1,
    0,
    0,
    1,
    0,
    1,
    0,
    0,
    0,
    0,
    0,
    0,
    1,
    0,
    0,
    0,
    0,
    0,
    0,
    0,
    0,
    0,
    0,
    1,
    0,
    0,
    0,
    0,
    0,
    0,
    0,
    0,
    0,
    0,
    1,
    0,
    0,
    0,
    0,
    0,
    0,
    0,
    0,
    0,
    0,
    0,
    0,
    0,
    0,
    0,
    0,
    0,
    0,
    0,
    0,
    0,
    0,
    0,
    1,
    0,
    0,
    1
  ],
  "topic_sizes": {
    "1": 8,
    "0": 54
  },
  "topic_mapper": [
    [
      0,
      0,
      1
    ],
    [
      1,
      1,
      0
    ]
  ],
  "topic_labels": {
    "0": "0_thank_great_sharing_thanks",
    "1": "1_thanks_great_video_thanks sharing"
  },
  "custom_labels": null,
  "_outliers": 0,
  "topic_aspects": {}
}