{
  "topic_representations": {
    "0": [
      [
        "make",
        0.41758765616512267
      ],
      [
        "really",
        0.2986265782046758
      ],
      [
        "sir",
        0.2986265782046758
      ],
      [
        "great",
        0.2986265782046758
      ],
      [
        "practice",
        0.11552453009332421
      ],
      [
        "",
        1e-05
      ],
      [
        "",
        1e-05
      ],
      [
        "",
        1e-05
      ],
      [
        "",
        1e-05
      ],
      [
        "",
        1e-05
      ]
    ],
    "1": [
      [
        "practice",
        0.44559461607425055
      ],
      [
        "make",
        0.17896613835648115
      ],
      [
        "sir",
        0.12798281923057533
      ],
      [
        "really",
        0.12798281923057533
      ],
      [
        "great",
        0.12798281923057533
      ],
      [
        "",
        1e-05
      ],
      [
        "",
        1e-05
      ],
      [
        "",
        1e-05
      ],
      [
        "",
        1e-05
      ],
      [
        "",
        1e-05
      ]
    ]
  },
  "topics": [
    0,
    0,
    0,
    0,
    0,
    1,
    1,
    1,
    0,
    1,
    1,
    1,
    1,
    1,
    1,
    0,
    0,
    1,
    0,
    0,
    0,
    0,
    0,
    0,
    0,
    0,
    0,
    0
  ],
  "topic_sizes": {
    "0": 18,
    "1": 10
  },
  "topic_mapper": [
    [
      0,
      0,
      1
    ],
    [
      1,
      1,
      0
    ]
  ],
  "topic_labels": {
    "0": "0_make_really_sir_great",
    "1": "1_practice_make_sir_really"
  },
  "custom_labels": null,
  "_outliers": 0,
  "topic_aspects": {}
}